Type,Quarter,Product_A,Product_B,Product_C,Product_D,Total_Sales
Average,Q1,64.0,36.333333333333336,45.333333333333336,43.333333333333336,189.0
Average,Q2,73.66666666666667,59.666666666666664,40.0,32.333333333333336,205.66666666666666
Average,Q3,82.0,54.666666666666664,47.666666666666664,41.333333333333336,225.66666666666666
Average,Q4,78.33333333333333,40.0,34.333333333333336,29.333333333333332,182.0
Total,Q1,192.0,109.0,136.0,130.0,567.0
Total,Q2,221.0,179.0,120.0,97.0,617.0
Total,Q3,246.0,164.0,143.0,124.0,677.0
Total,Q4,235.0,120.0,103.0,88.0,546.0
